;Serie;SPI;Eventos;Duración media (meses);Severidad media
0;Histórico;SPI-3;39;2.076923076923077;-3.0955542685905977
1;Histórico;SPI-12;19;4.7368421052631575;-6.236206964344766
2;Corto plazo (2021-2040);SPI-3;21;2.9047619047619047;-4.486772788407155
3;Corto plazo (2021-2040);SPI-12;7;9.714285714285714;-17.843242975606376
4;Mediano plazo (2041-2070);SPI-3;31;1.8709677419354838;-2.833415266443307
5;Mediano plazo (2041-2070);SPI-12;14;3.4285714285714284;-4.997078893443589
6;Largo plazo (2071-2099);SPI-3;21;1.619047619047619;-2.2383983551349993
7;Largo plazo (2071-2099);SPI-12;9;4.111111111111111;-5.1496008114271525
